,RRIntervals,Time,Flag
0,0.726,0.0,0
1,0.755,0.726,0
2,0.758,1.4809999999999999,0
3,0.757,2.239,0
4,0.814,2.996,0
5,0.85,3.81,0
6,0.868,4.66,0
7,0.877,5.5280000000000005,0
8,0.911,6.405,0
9,0.899,7.316000000000001,0
10,0.849,8.215,0
11,0.85,9.064,0
12,0.879,9.914,0
13,0.875,10.793,0
14,0.832,11.668,0
15,0.783,12.5,0
16,0.812,13.283,0
17,0.821,14.094999999999999,0
18,0.853,14.915999999999999,0
19,0.839,15.768999999999998,0
20,0.867,16.607999999999997,0
21,0.905,17.474999999999998,0
22,0.876,18.38,0
23,0.858,19.256,0
24,0.848,20.114,0
25,0.843,20.962,0
26,0.796,21.805,0
27,0.832,22.601,0
28,0.854,23.433,0
29,0.865,24.287,0
30,0.815,25.151999999999997,0
31,0.826,25.967,0
32,0.853,26.793,0
33,0.849,27.646,0
34,0.782,28.495,0
35,0.78,29.277,0
36,0.795,30.057000000000002,0
37,0.808,30.852000000000004,0
38,0.79,31.660000000000004,0
39,0.787,32.45,0
40,0.827,33.237,0
41,0.839,34.064,0
42,0.833,34.903,0
43,0.814,35.736,0
44,0.83,36.55,0
45,0.835,37.379999999999995,0
46,0.811,38.214999999999996,0
47,0.804,39.025999999999996,0
48,0.821,39.83,0
49,0.821,40.650999999999996,0
50,0.773,41.471999999999994,0
51,0.781,42.245,0
52,0.78,43.025999999999996,0
53,0.777,43.806,0
54,0.752,44.583,0
55,0.802,45.335,0
56,0.825,46.137,0
57,0.81,46.962,0
58,0.773,47.772000000000006,0
59,0.797,48.54500000000001,0
60,0.818,49.342000000000006,0
61,0.795,50.160000000000004,0
62,0.796,50.955000000000005,0
63,0.835,51.751000000000005,0
64,0.864,52.586000000000006,0
65,0.837,53.45,0
66,0.864,54.287000000000006,0
67,0.878,55.151,0
68,0.861,56.029,0
69,0.812,56.89,0
70,0.837,57.702,0
71,0.85,58.539,0
72,0.877,59.389,0
73,0.839,60.266000000000005,0
74,0.857,61.105000000000004,0
75,0.863,61.962,0
76,0.88,62.825,0
77,0.821,63.705000000000005,0
78,0.838,64.52600000000001,0
79,0.846,65.364,0
80,0.84,66.21000000000001,0
81,0.793,67.05000000000001,0
82,0.834,67.84300000000002,0
83,0.847,68.67700000000002,0
84,0.878,69.52400000000002,0
85,0.806,70.40200000000002,0
86,0.839,71.20800000000001,0
87,0.852,72.04700000000001,0
88,0.852,72.89900000000002,0
89,0.817,73.75100000000002,0
90,0.809,74.56800000000001,0
91,0.785,75.37700000000001,0
92,0.691,76.162,0
93,0.646,76.85300000000001,0
94,0.663,77.49900000000001,0
95,0.732,78.162,0
96,0.869,78.894,0
97,0.817,79.763,0
98,0.801,80.58,0
99,0.842,81.381,0
100,0.851,82.223,0
101,0.791,83.074,0
102,0.818,83.865,0
103,0.84,84.68299999999999,0
104,0.82,85.523,0
105,0.753,86.34299999999999,0
106,0.761,87.09599999999999,0
107,0.786,87.85699999999999,0
108,0.8,88.64299999999999,0
109,0.742,89.44299999999998,0
110,0.763,90.18499999999999,0
111,0.766,90.948,0
112,0.764,91.714,0
113,0.726,92.478,0
114,0.776,93.204,0
115,0.793,93.97999999999999,0
116,0.81,94.773,0
117,0.761,95.583,0
118,0.827,96.344,0
119,0.813,97.17099999999999,0
120,0.818,97.984,0
121,0.775,98.80199999999999,0
122,0.793,99.577,0
123,0.804,100.37,0
124,0.802,101.174,0
125,0.75,101.97600000000001,0
126,0.756,102.72600000000001,0
127,0.754,103.48200000000001,0
128,0.748,104.23600000000002,0
129,0.705,104.98400000000002,0
130,0.723,105.68900000000002,0
131,0.731,106.41200000000002,0
132,0.724,107.14300000000001,0
133,0.701,107.86700000000002,0
134,0.743,108.56800000000001,0
135,0.734,109.311,0
136,0.677,110.045,0
137,0.712,110.72200000000001,0
138,0.715,111.43400000000001,0
139,0.687,112.14900000000002,0
140,0.679,112.83600000000001,0
141,0.709,113.51500000000001,0
142,0.708,114.22400000000002,0
143,0.664,114.93200000000002,0
144,0.708,115.59600000000002,0
145,0.713,116.30400000000002,0
146,0.733,117.01700000000001,0
147,0.695,117.75000000000001,0
148,0.729,118.44500000000001,0
149,0.749,119.174,0
150,0.753,119.923,0
151,0.695,120.676,0
152,0.732,121.371,0
153,0.729,122.103,0
154,0.693,122.832,0
155,0.687,123.52499999999999,0
156,0.72,124.21199999999999,0
157,0.71,124.93199999999999,0
158,0.676,125.64199999999998,0
159,0.629,126.31799999999998,0
160,0.633,126.94699999999999,0
161,0.632,127.57999999999998,0
162,0.672,128.212,0
163,0.715,128.884,0
164,0.698,129.599,0
165,0.727,130.297,0
166,0.766,131.024,0
167,0.792,131.79,0
168,0.775,132.582,0
169,0.801,133.357,0
170,0.862,134.158,0
171,0.893,135.01999999999998,0
172,0.83,135.91299999999998,0
173,0.823,136.743,0
174,0.828,137.566,0
175,0.827,138.394,0
176,0.778,139.221,0
177,0.799,139.999,0
178,0.826,140.798,0
179,0.821,141.624,0
180,0.803,142.445,0
181,0.797,143.248,0
182,0.742,144.045,0
183,0.709,144.78699999999998,0
184,0.666,145.49599999999998,0
185,0.672,146.16199999999998,0
186,0.725,146.83399999999997,0
187,0.685,147.55899999999997,0
188,0.665,148.24399999999997,0
189,0.695,148.90899999999996,0
190,0.728,149.60399999999996,0
191,0.761,150.33199999999997,0
192,0.791,151.09299999999996,0
193,0.757,151.88399999999996,0
194,0.764,152.64099999999996,0
195,0.783,153.40499999999997,0
196,0.796,154.18799999999996,0
197,0.773,154.98399999999995,0
198,0.757,155.75699999999995,0
199,0.786,156.51399999999995,0
200,0.797,157.29999999999995,0
201,0.802,158.09699999999995,0
202,0.769,158.89899999999994,0
203,0.792,159.66799999999995,0
204,0.802,160.45999999999995,0
205,0.79,161.26199999999994,0
206,0.757,162.05199999999994,0
207,0.78,162.80899999999994,0
208,0.782,163.58899999999994,0
209,0.807,164.37099999999995,0
210,0.778,165.17799999999994,0
211,0.814,165.95599999999993,0
212,0.83,166.76999999999992,0
213,0.835,167.59999999999994,0
214,0.791,168.43499999999995,0
215,0.834,169.22599999999994,0
216,0.844,170.05999999999995,0
217,0.799,170.90399999999994,0
218,0.733,171.70299999999995,0
219,0.767,172.43599999999995,0
220,0.787,173.20299999999995,0
221,0.747,173.98999999999995,0
222,0.75,174.73699999999997,0
223,0.793,175.48699999999997,0
224,0.817,176.27999999999997,0
225,0.767,177.09699999999998,0
226,0.774,177.86399999999998,0
227,0.786,178.63799999999998,0
228,0.777,179.42399999999998,0
229,0.754,180.20099999999996,0
230,0.799,180.95499999999996,0
231,0.812,181.75399999999996,0
232,0.775,182.56599999999997,0
233,0.812,183.34099999999998,0
234,0.817,184.153,0
235,0.769,184.97,0
236,0.761,185.739,0
237,0.792,186.5,0
238,0.792,187.292,0
239,0.727,188.084,0
240,0.695,188.811,0
241,0.725,189.506,0
242,0.74,190.231,0
243,0.733,190.971,0
244,0.727,191.704,0
245,0.785,192.431,0
246,0.811,193.216,0
247,0.816,194.02700000000002,0
248,0.768,194.84300000000002,0
249,0.783,195.61100000000002,0
250,0.799,196.394,0
251,0.741,197.193,0
252,0.685,197.93400000000003,0
253,0.741,198.61900000000003,0
254,0.749,199.36000000000004,0
255,0.769,200.10900000000004,0
256,0.747,200.87800000000004,0
257,0.8,201.62500000000006,0
258,0.791,202.42500000000007,0
259,0.712,203.21600000000007,0
260,0.729,203.92800000000005,0
261,0.742,204.65700000000007,0
262,0.702,205.39900000000006,0
263,0.659,206.10100000000006,0
264,0.622,206.76000000000005,0
265,0.624,207.38200000000006,0
266,0.655,208.00600000000006,0
267,0.739,208.66100000000006,0
268,0.805,209.40000000000006,0
269,0.84,210.20500000000007,0
270,0.847,211.04500000000007,0
271,0.797,211.89200000000008,0
272,0.701,212.68900000000008,0
273,0.701,213.39000000000007,0
274,0.704,214.09100000000007,0
275,0.723,214.79500000000007,0
276,0.76,215.5180000000001,0
277,0.788,216.27800000000008,0
278,0.796,217.0660000000001,0
279,0.805,217.86200000000008,1
280,0.816,218.6670000000001,1
281,0.81,219.4830000000001,1
282,0.812,220.2930000000001,1
283,0.814,221.1050000000001,1
284,0.81,221.9190000000001,1
285,0.823,222.7290000000001,1
286,0.804,223.5520000000001,1
287,0.735,224.3560000000001,1
288,0.69,225.09100000000012,1
289,0.712,225.78100000000012,1
290,0.757,226.4930000000001,1
291,0.835,227.2500000000001,1
292,0.868,228.08500000000012,1
293,0.871,228.95300000000012,1
294,0.878,229.82400000000013,1
295,0.872,230.7020000000001,1
296,0.868,231.57400000000013,1
297,0.861,232.44200000000012,1
298,0.85,233.3030000000001,1
299,0.837,234.1530000000001,1
300,0.826,234.9900000000001,0
301,0.76,235.8160000000001,0
302,0.782,236.57600000000008,0
303,0.805,237.3580000000001,0
304,0.869,238.1630000000001,0
305,0.926,239.0320000000001,0
306,0.879,239.95800000000008,0
307,0.91,240.83700000000007,0
308,0.926,241.74700000000007,0
309,0.923,242.67300000000006,0
310,0.869,243.59600000000006,0
311,0.863,244.46500000000006,0
312,0.871,245.32800000000006,0
313,0.848,246.19900000000007,0
314,0.759,247.04700000000008,0
315,0.778,247.80600000000007,0
316,0.784,248.58400000000006,0
317,0.801,249.36800000000005,0
318,0.776,250.16900000000004,0
319,0.733,250.94500000000005,0
320,0.767,251.67800000000005,0
321,0.804,252.44500000000005,0
322,0.839,253.24900000000005,0
323,0.846,254.08800000000005,0
324,0.815,254.93400000000005,0
325,0.762,255.74900000000005,0
326,0.776,256.511,0
327,0.77,257.28700000000003,0
328,0.74,258.057,0
329,0.754,258.797,0
330,0.761,259.55100000000004,0
331,0.781,260.31200000000007,0
332,0.733,261.0930000000001,0
333,0.672,261.8260000000001,0
334,0.695,262.4980000000001,0
335,0.699,263.1930000000001,0
336,0.706,263.8920000000001,0
337,0.747,264.5980000000001,0
338,0.777,265.34500000000014,0
339,0.775,266.1220000000001,0
340,0.763,266.8970000000001,0
341,0.758,267.6600000000001,0
342,0.766,268.41800000000006,0
343,0.776,269.1840000000001,0
344,0.786,269.9600000000001,0
345,0.801,270.7460000000001,0
346,0.786,271.5470000000001,0
347,0.772,272.3330000000001,0
348,0.756,273.1050000000001,0
349,0.758,273.86100000000005,0
350,0.794,274.619,0
351,0.832,275.413,0
352,0.85,276.245,0
353,0.831,277.095,0
354,0.811,277.92600000000004,0
355,0.837,278.737,0
356,0.841,279.574,0
357,0.853,280.415,0
358,0.851,281.26800000000003,0
359,0.855,282.119,0
360,0.88,282.97400000000005,0
361,0.867,283.85400000000004,0
362,0.822,284.72100000000006,0
363,0.841,285.54300000000006,0
364,0.853,286.38400000000007,0
365,0.87,287.2370000000001,0
366,0.886,288.1070000000001,0
367,0.841,288.9930000000001,0
368,0.859,289.8340000000001,0
369,0.868,290.6930000000001,0
370,0.886,291.5610000000001,0
371,0.871,292.4470000000001,0
372,0.886,293.3180000000001,0
373,0.885,294.2040000000001,0
374,0.882,295.0890000000001,0
375,0.846,295.9710000000001,0
376,0.851,296.8170000000001,0
377,0.873,297.6680000000001,0
378,0.907,298.5410000000001,0
379,0.907,299.4480000000001,0
380,0.924,300.3550000000001,0
381,0.979,301.27900000000005,0
382,0.965,302.25800000000004,0
383,0.935,303.223,0
384,0.934,304.158,0
385,0.917,305.09200000000004,0
386,0.901,306.009,0
387,0.861,306.91,0
388,0.874,307.771,0
389,0.896,308.64500000000004,0
390,0.897,309.54100000000005,0
391,0.83,310.43800000000005,0
392,0.855,311.26800000000003,0
393,0.86,312.12300000000005,0
394,0.848,312.98300000000006,0
395,0.808,313.8310000000001,0
396,0.837,314.63900000000007,0
397,0.861,315.47600000000006,0
398,0.911,316.33700000000005,0
399,0.863,317.24800000000005,0
400,0.903,318.11100000000005,0
401,0.894,319.01400000000007,0
402,0.884,319.9080000000001,0
403,0.83,320.7920000000001,0
404,0.84,321.62200000000007,0
405,0.847,322.46200000000005,0
406,0.833,323.309,0
407,0.791,324.14200000000005,0
408,0.813,324.93300000000005,0
409,0.835,325.74600000000004,0
410,0.832,326.581,0
411,0.794,327.413,0
412,0.812,328.207,0
413,0.826,329.019,0
414,0.79,329.845,0
415,0.782,330.63500000000005,0
416,0.795,331.41700000000003,0
417,0.779,332.21200000000005,0
418,0.717,332.99100000000004,0
419,0.741,333.708,0
420,0.767,334.449,0
421,0.787,335.216,0
422,0.757,336.003,0
423,0.771,336.76,0
424,0.739,337.531,0
425,0.714,338.27,0
426,0.658,338.984,0
427,0.624,339.642,0
428,0.611,340.266,0
429,0.621,340.877,0
430,0.628,341.498,0
431,0.66,342.126,0
432,0.661,342.786,0
433,0.668,343.447,0
434,0.688,344.115,0
435,0.67,344.803,0
436,0.643,345.473,0
437,0.642,346.116,0
438,0.667,346.758,0
439,0.686,347.42499999999995,0
440,0.706,348.11099999999993,0
441,0.721,348.81699999999995,0
442,0.716,349.53799999999995,0
443,0.734,350.25399999999996,0
444,1.468,350.98799999999994,0
445,0.728,352.45599999999996,0
446,0.709,353.18399999999997,0
447,0.722,353.893,0
448,0.728,354.61499999999995,0
449,0.772,355.34299999999996,0
450,0.774,356.11499999999995,0
451,0.75,356.88899999999995,0
452,0.788,357.63899999999995,0
453,0.808,358.42699999999996,0
454,0.834,359.23499999999996,0
455,1.667,360.06899999999996,0
456,0.83,361.73599999999993,0
457,0.828,362.5659999999999,0
458,0.788,363.3939999999999,0
459,0.776,364.1819999999999,0
460,0.806,364.9579999999999,0
461,0.804,365.7639999999999,0
462,0.78,366.56799999999987,0
463,0.789,367.34799999999984,0
464,0.803,368.13699999999983,0
465,0.817,368.9399999999998,0
466,0.802,369.75699999999983,0
467,0.741,370.55899999999986,0
468,0.771,371.29999999999984,0
469,1.624,372.07099999999986,0
470,0.855,373.6949999999999,0
471,0.254,374.5499999999999,0
472,1.453,374.8039999999999,0
473,0.777,376.2569999999999,0
474,0.796,377.0339999999999,0
475,0.808,377.82999999999987,0
476,1.52,378.63799999999986,0
477,0.756,380.15799999999984,0
478,0.777,380.9139999999998,0
479,0.764,381.6909999999998,0
480,0.721,382.4549999999998,0
481,0.769,383.1759999999998,0
482,0.822,383.9449999999998,0
483,1.691,384.7669999999998,0
484,0.859,386.4579999999998,0
485,0.85,387.3169999999998,0
486,0.798,388.1669999999998,0
487,0.847,388.9649999999998,0
488,0.87,389.8119999999998,0
489,1.66,390.6819999999998,0
490,0.812,392.3419999999998,0
491,1.639,393.1539999999998,0
492,0.795,394.79299999999984,0
493,0.815,395.58799999999985,0
494,1.58,396.40299999999985,0
495,0.784,397.98299999999983,0
496,0.799,398.7669999999998,0
497,0.797,399.5659999999998,0
498,0.765,400.36299999999983,0
499,0.771,401.1279999999998,0
500,0.746,401.89899999999983,0
501,0.748,402.6449999999998,0
502,0.709,403.3929999999998,0
503,0.743,404.1019999999998,0
504,0.743,404.8449999999998,0
505,0.733,405.5879999999998,0
506,0.729,406.3209999999998,0
507,1.534,407.0499999999998,0
508,0.723,408.5839999999998,0
509,0.987,409.3069999999998,0
510,0.542,410.2939999999998,0
511,0.812,410.8359999999998,0
512,0.789,411.6479999999998,0
513,0.735,412.4369999999998,0
514,1.533,413.1719999999998,0
515,0.758,414.7049999999998,0
516,0.707,415.4629999999998,0
517,0.721,416.1699999999998,0
518,0.739,416.8909999999998,0
519,0.698,417.62999999999977,0
520,1.335,418.32799999999975,0
521,1.876,419.6629999999997,0
522,0.643,421.5389999999997,0
523,0.662,422.1819999999997,0
524,0.681,422.84399999999965,0
525,0.685,423.52499999999964,0
526,0.643,424.20999999999964,0
527,1.418,424.8529999999996,0
528,1.421,426.2709999999996,0
529,0.695,427.6919999999996,0
530,0.697,428.3869999999996,0
531,0.719,429.0839999999996,0
532,0.715,429.8029999999996,0
533,0.683,430.5179999999996,0
534,0.731,431.20099999999957,0
535,0.741,431.93199999999956,0
536,0.759,432.67299999999955,0
537,0.708,433.43199999999956,0
538,0.726,434.1399999999996,0
539,0.725,434.8659999999996,0
540,0.733,435.5909999999996,0
541,0.692,436.3239999999996,0
542,0.73,437.0159999999996,0
543,0.767,437.74599999999964,0
544,0.761,438.51299999999964,0
545,0.705,439.27399999999966,0
546,0.72,439.97899999999964,0
547,1.42,440.69899999999967,0
548,0.673,442.1189999999997,0
549,0.688,442.7919999999997,0
550,0.688,443.4799999999997,0
551,0.688,444.16799999999967,0
552,0.663,444.85599999999965,0
553,0.683,445.51899999999966,0
554,0.694,446.20199999999966,2
555,1.414,446.8959999999997,2
556,1.161,448.30999999999966,2
557,0.262,449.47099999999966,2
558,1.44,449.73299999999966,2
559,0.657,451.17299999999966,2
560,0.622,451.82999999999964,2
561,0.633,452.45199999999966,2
562,0.646,453.08499999999964,2
563,0.649,453.73099999999965,2
564,0.771,454.37999999999965,2
565,0.827,455.15099999999967,2
566,0.841,455.97799999999967,2
567,1.728,456.8189999999997,2
568,0.844,458.5469999999997,2
569,0.836,459.3909999999997,2
570,0.814,460.2269999999997,2
571,0.815,461.0409999999997,2
572,0.786,461.8559999999997,2
573,0.8,462.6419999999997,2
574,0.799,463.4419999999997,2
575,0.818,464.2409999999997,2
576,0.853,465.0589999999997,2
577,0.84,465.9119999999997,2
578,0.871,466.75199999999967,2
579,1.741,467.62299999999965,2
580,0.863,469.36399999999963,0
581,0.862,470.22699999999963,0
582,0.872,471.08899999999966,0
583,0.85,471.9609999999997,0
584,0.834,472.8109999999997,0
585,0.849,473.6449999999997,0
586,0.832,474.4939999999997,0
587,0.801,475.3259999999997,0
588,0.817,476.12699999999967,0
589,0.86,476.9439999999997,0
590,0.859,477.8039999999997,0
591,0.809,478.66299999999967,0
592,0.844,479.4719999999997,0
593,0.85,480.3159999999997,0
594,0.857,481.1659999999997,0
595,0.84,482.02299999999974,0
596,0.848,482.8629999999997,0
597,0.853,483.71099999999973,0
598,0.841,484.56399999999974,0
599,0.854,485.40499999999975,0
600,0.831,486.25899999999973,0
601,0.78,487.08999999999975,0
602,0.795,487.8699999999997,0
603,0.833,488.66499999999974,0
604,0.873,489.49799999999976,0
605,0.83,490.37099999999975,0
606,0.826,491.20099999999974,0
607,0.834,492.02699999999976,0
608,0.847,492.86099999999976,0
609,0.807,493.70799999999974,0
610,0.834,494.51499999999976,0
611,0.872,495.34899999999976,0
612,0.86,496.2209999999998,0
613,0.839,497.0809999999998,0
614,0.869,497.9199999999998,0
615,0.89,498.7889999999998,0
616,0.859,499.6789999999998,0
617,0.843,500.5379999999998,0
618,0.882,501.3809999999998,0
619,0.858,502.2629999999998,0
620,0.834,503.1209999999998,0
621,0.837,503.9549999999998,0
622,0.822,504.7919999999998,0
623,0.823,505.6139999999998,0
624,0.854,506.4369999999998,0
625,0.836,507.29099999999977,0
626,0.832,508.1269999999998,0
627,0.83,508.9589999999998,0
628,0.825,509.78899999999976,0
629,0.759,510.61399999999975,0
630,0.774,511.37299999999976,0
631,0.814,512.1469999999997,0
632,0.8,512.9609999999997,0
633,0.757,513.7609999999996,0
634,0.787,514.5179999999996,0
635,0.752,515.3049999999996,0
636,0.751,516.0569999999996,0
637,0.815,516.8079999999995,0
638,0.838,517.6229999999996,0
639,0.767,518.4609999999996,0
640,0.795,519.2279999999996,0
641,0.811,520.0229999999996,0
642,0.823,520.8339999999996,0
643,0.775,521.6569999999996,0
644,0.812,522.4319999999996,0
645,0.813,523.2439999999996,0
646,0.797,524.0569999999996,0
647,0.813,524.8539999999996,0
648,0.825,525.6669999999996,0
649,0.829,526.4919999999996,0
650,0.805,527.3209999999996,0
651,0.824,528.1259999999995,0
652,0.839,528.9499999999995,0
653,0.848,529.7889999999995,0
654,0.807,530.6369999999995,0
655,0.805,531.4439999999995,0
656,0.795,532.2489999999995,0
657,0.798,533.0439999999994,0
658,0.76,533.8419999999994,0
659,0.784,534.6019999999994,0
660,0.796,535.3859999999994,0
661,0.809,536.1819999999994,0
662,0.788,536.9909999999994,0
663,0.802,537.7789999999994,0
664,0.812,538.5809999999994,0
665,0.841,539.3929999999995,0
666,0.838,540.2339999999995,0
667,0.82,541.0719999999994,0
668,0.842,541.8919999999995,7
669,0.876,542.7339999999995,7
670,0.835,543.6099999999994,7
671,0.759,544.4449999999995,7
672,0.715,545.2039999999995,7
673,0.679,545.9189999999995,7
674,0.711,546.5979999999995,7
675,0.78,547.3089999999995,7
676,0.762,548.0889999999995,7
677,0.803,548.8509999999994,7
678,0.822,549.6539999999994,7
679,0.819,550.4759999999994,7
680,0.81,551.2949999999994,7
681,0.837,552.1049999999993,7
682,0.864,552.9419999999993,7
683,0.814,553.8059999999994,7
684,0.817,554.6199999999993,7
685,0.821,555.4369999999993,7
686,0.827,556.2579999999994,0
687,0.784,557.0849999999994,0
688,0.766,557.8689999999993,0
689,0.715,558.6349999999993,0
690,0.679,559.3499999999993,0
691,0.707,560.0289999999993,0
692,0.764,560.7359999999993,0
693,0.758,561.4999999999993,0
694,0.81,562.2579999999994,0
695,0.845,563.0679999999993,0
696,0.876,563.9129999999993,0
697,0.857,564.7889999999993,0
698,0.833,565.6459999999993,0
699,0.829,566.4789999999992,0
700,0.858,567.3079999999992,0
701,0.859,568.1659999999991,0
702,0.774,569.0249999999992,0
703,0.786,569.7989999999992,0
704,0.807,570.5849999999991,0
705,0.801,571.3919999999991,0
706,0.728,572.1929999999992,0
707,0.698,572.9209999999991,0
708,0.731,573.6189999999991,0
709,0.771,574.3499999999991,0
710,0.759,575.1209999999991,0
711,0.777,575.8799999999991,0
712,0.8,576.6569999999991,0
713,0.813,577.4569999999991,0
714,0.74,578.2699999999991,0
715,0.706,579.0099999999991,0
716,0.741,579.7159999999991,0
717,0.819,580.4569999999991,0
718,0.886,581.275999999999,0
719,0.891,582.161999999999,0
720,0.821,583.052999999999,0
721,0.82,583.873999999999,0
722,0.823,584.693999999999,0
723,0.803,585.516999999999,0
724,0.744,586.319999999999,0
725,0.756,587.063999999999,0
726,0.767,587.819999999999,0
727,0.816,588.5869999999991,0
728,0.797,589.4029999999991,0
729,0.846,590.1999999999991,0
730,0.866,591.0459999999991,0
731,0.864,591.9119999999991,0
732,0.822,592.7759999999992,0
733,0.833,593.5979999999992,0
734,0.834,594.4309999999991,0
735,0.829,595.2649999999991,0
736,0.791,596.093999999999,0
737,0.826,596.8849999999991,0
738,0.863,597.7109999999991,0
739,0.854,598.5739999999992,0
740,0.828,599.4279999999992,0
741,0.813,600.2559999999992,0
742,0.811,601.0689999999992,0
743,0.826,601.8799999999992,0
744,0.784,602.7059999999992,0
745,0.808,603.4899999999992,0
746,0.823,604.2979999999992,0
747,0.892,605.1209999999992,0
748,0.911,606.0129999999992,0
749,0.88,606.9239999999992,0
750,0.909,607.8039999999992,0
751,0.909,608.7129999999992,0
752,0.899,609.6219999999992,0
753,0.847,610.5209999999992,0
754,0.838,611.3679999999991,0
755,0.844,612.2059999999991,0
756,0.883,613.0499999999992,0
757,0.865,613.9329999999992,0
758,0.882,614.7979999999992,0
759,0.916,615.6799999999992,0
760,0.933,616.5959999999992,0
761,0.865,617.5289999999992,0
762,0.818,618.3939999999992,0
763,0.79,619.2119999999992,0
764,0.779,620.0019999999992,0
765,0.756,620.7809999999992,0
766,0.766,621.5369999999991,0
767,0.791,622.3029999999991,0
768,0.839,623.0939999999991,0
769,0.817,623.9329999999992,0
770,0.842,624.7499999999992,0
771,0.893,625.5919999999992,0
772,0.882,626.4849999999992,0
773,0.812,627.3669999999992,0
774,0.827,628.1789999999992,0
775,0.84,629.0059999999992,0
776,0.778,629.8459999999992,0
777,0.778,630.6239999999992,0
778,0.793,631.4019999999992,0
779,0.78,632.1949999999993,0
780,0.726,632.9749999999992,0
781,0.739,633.7009999999992,0
782,0.735,634.4399999999993,0
783,0.761,635.1749999999993,0
784,0.764,635.9359999999992,0
785,0.735,636.6999999999992,0
786,0.753,637.4349999999993,0
787,0.759,638.1879999999993,0
788,0.748,638.9469999999993,0
789,0.699,639.6949999999994,0
790,0.704,640.3939999999993,0
791,0.704,641.0979999999993,0
792,0.726,641.8019999999992,0
793,0.742,642.5279999999992,0
794,0.711,643.2699999999992,0
795,0.748,643.9809999999992,0
796,0.762,644.7289999999992,0
797,0.734,645.4909999999992,0
798,0.681,646.2249999999992,0
799,0.72,646.9059999999993,0
800,0.729,647.6259999999993,0
801,0.74,648.3549999999993,0
802,0.692,649.0949999999993,0
803,0.703,649.7869999999994,0
804,0.713,650.4899999999993,0
805,0.728,651.2029999999993,0
806,0.687,651.9309999999992,0
807,0.695,652.6179999999993,0
808,0.687,653.3129999999993,0
809,0.685,653.9999999999993,0
810,0.649,654.6849999999993,0
811,0.66,655.3339999999993,0
812,0.67,655.9939999999992,0
813,0.696,656.6639999999992,0
814,0.689,657.3599999999992,0
815,0.674,658.0489999999992,0
816,0.696,658.7229999999992,0
817,0.653,659.4189999999992,0
818,0.644,660.0719999999992,0
819,0.658,660.7159999999992,0
820,0.635,661.3739999999992,0
821,0.622,662.0089999999992,0
822,0.637,662.6309999999992,0
823,0.632,663.2679999999991,0
824,0.645,663.8999999999991,0
825,0.674,664.544999999999,0
826,0.657,665.218999999999,0
827,0.668,665.8759999999991,0
828,0.679,666.5439999999991,0
829,0.68,667.222999999999,0
830,0.688,667.902999999999,0
831,0.65,668.590999999999,0
832,0.653,669.240999999999,0
833,0.66,669.893999999999,0
834,0.672,670.553999999999,0
835,0.682,671.225999999999,0
836,0.662,671.907999999999,0
837,0.699,672.569999999999,0
838,0.708,673.268999999999,0
839,0.734,673.976999999999,0
840,0.75,674.710999999999,0
841,0.742,675.460999999999,0
842,0.766,676.202999999999,0
843,0.801,676.9689999999989,0
844,0.829,677.769999999999,0
845,0.776,678.5989999999989,0
846,0.812,679.3749999999989,0
847,0.847,680.1869999999989,0
848,0.85,681.0339999999989,0
849,0.78,681.8839999999989,0
850,0.785,682.6639999999989,0
851,0.82,683.4489999999988,0
852,0.837,684.2689999999989,0
853,0.777,685.1059999999989,0
854,0.786,685.8829999999989,0
855,0.799,686.6689999999988,0
856,0.807,687.4679999999988,0
857,0.745,688.2749999999988,0
858,0.774,689.0199999999988,0
859,0.816,689.7939999999988,0
860,0.813,690.6099999999989,0
861,0.74,691.4229999999989,0
862,0.741,692.1629999999989,0
863,0.74,692.9039999999989,0
864,0.765,693.6439999999989,0
865,0.744,694.4089999999989,0
866,0.732,695.1529999999989,0
867,0.738,695.8849999999989,0
868,0.758,696.6229999999989,0
869,0.716,697.380999999999,0
870,0.75,698.096999999999,0
871,0.758,698.846999999999,0
872,0.787,699.604999999999,0
873,0.759,700.391999999999,0
874,0.809,701.150999999999,0
875,0.86,701.959999999999,0
876,0.861,702.819999999999,0
877,0.793,703.680999999999,0
878,0.798,704.473999999999,0
879,0.829,705.271999999999,0
880,0.87,706.100999999999,0
881,0.862,706.970999999999,0
882,0.845,707.832999999999,0
883,0.896,708.677999999999,0
884,0.926,709.5739999999989,0
885,0.943,710.499999999999,0
886,0.949,711.442999999999,0
887,0.965,712.3919999999989,0
888,0.955,713.356999999999,0
889,0.906,714.311999999999,0
890,0.917,715.2179999999989,0
891,0.905,716.134999999999,0
892,0.873,717.0399999999989,0
893,0.856,717.912999999999,0
894,0.855,718.768999999999,0
895,0.837,719.623999999999,0
896,0.858,720.460999999999,0
897,0.887,721.3189999999989,0
898,0.916,722.2059999999989,0
899,0.898,723.1219999999989,0
900,0.886,724.019999999999,0
901,0.916,724.9059999999989,0
902,0.915,725.821999999999,0
903,0.883,726.736999999999,0
904,0.886,727.619999999999,0
905,0.904,728.505999999999,0
906,0.87,729.409999999999,0
907,0.829,730.279999999999,0
908,0.837,731.1089999999989,0
909,0.866,731.9459999999989,0
910,0.892,732.8119999999989,0
911,0.886,733.7039999999989,0
912,0.887,734.5899999999989,0
913,0.909,735.4769999999988,0
914,0.906,736.3859999999988,0
915,0.868,737.2919999999988,0
916,0.859,738.1599999999988,0
917,0.876,739.0189999999989,0
918,0.874,739.8949999999988,0
919,0.832,740.7689999999989,0
920,0.857,741.6009999999989,0
921,0.843,742.4579999999988,0
922,0.807,743.3009999999988,0
923,0.829,744.1079999999988,0
924,0.835,744.9369999999988,0
925,0.786,745.7719999999988,0
926,0.751,746.5579999999987,0
927,0.753,747.3089999999987,0
928,0.784,748.0619999999988,0
929,0.741,748.8459999999988,0
930,0.746,749.5869999999987,0
931,0.755,750.3329999999987,0
932,0.79,751.0879999999987,0
933,0.814,751.8779999999987,0
934,0.818,752.6919999999986,0
935,0.868,753.5099999999986,0
936,0.901,754.3779999999987,0
937,0.85,755.2789999999986,0
938,0.839,756.1289999999987,0
939,0.805,756.9679999999987,0
940,0.744,757.7729999999987,0
941,0.735,758.5169999999987,0
942,0.732,759.2519999999987,0
943,0.738,759.9839999999987,0
944,0.724,760.7219999999987,0
945,0.754,761.4459999999988,0
946,0.804,762.1999999999988,0
947,0.822,763.0039999999988,0
948,0.807,763.8259999999988,0
949,0.77,764.6329999999988,0
950,0.8,765.4029999999988,0
951,0.81,766.2029999999987,0
952,0.808,767.0129999999987,0
953,0.767,767.8209999999987,0
954,0.799,768.5879999999987,0
955,0.8,769.3869999999987,0
956,0.775,770.1869999999986,0
957,0.727,770.9619999999986,0
958,0.751,771.6889999999986,0
959,0.777,772.4399999999986,0
960,0.78,773.2169999999986,0
961,0.751,773.9969999999986,0
962,0.77,774.7479999999986,0
963,0.768,775.5179999999986,0
964,0.71,776.2859999999986,0
965,0.699,776.9959999999986,0
966,0.702,777.6949999999986,0
967,0.721,778.3969999999986,0
968,0.715,779.1179999999986,0
969,0.718,779.8329999999986,0
970,0.735,780.5509999999986,0
971,0.758,781.2859999999986,0
972,0.755,782.0439999999986,0
973,0.795,782.7989999999986,0
974,0.821,783.5939999999986,0
975,0.829,784.4149999999986,0
976,0.782,785.2439999999986,0
977,0.725,786.0259999999986,0
978,0.796,786.7509999999986,0
979,0.806,787.5469999999987,0
980,0.717,788.3529999999987,0
981,0.665,789.0699999999987,0
982,0.639,789.7349999999986,0
983,0.627,790.3739999999987,0
984,0.627,791.0009999999986,0
985,0.641,791.6279999999986,0
986,0.676,792.2689999999985,0
987,0.676,792.9449999999986,0
988,0.675,793.6209999999986,0
989,0.7,794.2959999999986,0
990,0.694,794.9959999999986,0
991,0.719,795.6899999999986,0
992,0.724,796.4089999999986,0
993,0.73,797.1329999999987,0
994,0.74,797.8629999999987,0
995,0.739,798.6029999999987,0
996,0.721,799.3419999999987,0
997,0.693,800.0629999999987,0
998,0.651,800.7559999999987,0
999,0.64,801.4069999999987,0
1000,0.657,802.0469999999987,0
1001,0.68,802.7039999999987,0
1002,0.717,803.3839999999987,0
1003,0.738,804.1009999999986,0
1004,0.723,804.8389999999987,0
1005,0.747,805.5619999999986,0
1006,0.709,806.3089999999986,0
1007,0.685,807.0179999999986,0
1008,0.697,807.7029999999985,0
1009,0.71,808.3999999999985,0
1010,0.707,809.1099999999985,0
1011,0.708,809.8169999999985,0
1012,0.697,810.5249999999985,0
1013,1.326,811.2219999999985,0
1014,0.663,812.5479999999985,0
1015,0.67,813.2109999999985,0
1016,0.716,813.8809999999985,0
1017,0.773,814.5969999999985,0
1018,1.457,815.3699999999985,0
1019,0.717,816.8269999999985,0
1020,0.757,817.5439999999985,0
1021,0.796,818.3009999999985,0
1022,0.802,819.0969999999985,0
1023,0.798,819.8989999999985,0
1024,0.74,820.6969999999985,0
1025,0.752,821.4369999999985,0
1026,0.796,822.1889999999985,0
1027,1.66,822.9849999999985,0
1028,0.848,824.6449999999985,0
1029,0.869,825.4929999999985,0
1030,0.883,826.3619999999985,0
1031,1.592,827.2449999999985,0
1032,0.689,828.8369999999985,0
1033,0.718,829.5259999999985,0
1034,0.777,830.2439999999984,0
1035,0.818,831.0209999999985,0
1036,0.831,831.8389999999985,0
1037,0.818,832.6699999999985,0
1038,1.579,833.4879999999985,0
1039,0.765,835.0669999999984,0
1040,1.468,835.8319999999984,0
1041,0.716,837.2999999999984,0
1042,0.701,838.0159999999984,0
1043,0.686,838.7169999999984,0
1044,0.683,839.4029999999984,0
1045,0.677,840.0859999999984,0
1046,0.669,840.7629999999984,0
1047,0.691,841.4319999999984,0
1048,0.742,842.1229999999985,0
1049,0.75,842.8649999999984,0
1050,0.811,843.6149999999984,0
1051,0.76,844.4259999999985,0
1052,0.751,845.1859999999984,0
1053,0.849,845.9369999999984,0
1054,0.87,846.7859999999985,0
1055,0.819,847.6559999999985,0
1056,0.819,848.4749999999984,0
1057,0.825,849.2939999999984,0
1058,0.839,850.1189999999984,0
1059,0.809,850.9579999999985,0
1060,0.739,851.7669999999985,0
1061,0.731,852.5059999999985,0
1062,0.725,853.2369999999985,0
1063,0.691,853.9619999999985,0
1064,0.667,854.6529999999985,0
1065,0.707,855.3199999999986,0
1066,0.766,856.0269999999986,0
1067,0.773,856.7929999999985,0
1068,0.798,857.5659999999986,0
1069,0.809,858.3639999999986,0
1070,0.836,859.1729999999985,0
1071,0.78,860.0089999999985,0
1072,0.81,860.7889999999985,0
1073,0.825,861.5989999999985,0
1074,0.841,862.4239999999985,0
1075,0.792,863.2649999999985,0
1076,0.704,864.0569999999985,0
1077,0.732,864.7609999999985,0
1078,0.734,865.4929999999985,0
1079,0.773,866.2269999999985,0
1080,0.822,866.9999999999985,0
1081,0.822,867.8219999999985,0
1082,0.843,868.6439999999985,0
1083,0.857,869.4869999999985,0
1084,0.865,870.3439999999985,0
1085,0.833,871.2089999999985,0
1086,0.815,872.0419999999984,0
1087,0.821,872.8569999999985,0
1088,0.745,873.6779999999985,0
1089,0.722,874.4229999999985,0
1090,0.755,875.1449999999985,0
1091,0.76,875.8999999999985,0
1092,0.761,876.6599999999985,0
1093,0.807,877.4209999999985,0
1094,0.841,878.2279999999985,0
1095,0.836,879.0689999999985,0
1096,0.787,879.9049999999985,0
1097,0.787,880.6919999999985,0
1098,0.777,881.4789999999986,0
1099,0.794,882.2559999999986,0
1100,0.798,883.0499999999986,0
1101,0.801,883.8479999999986,0
1102,0.815,884.6489999999986,0
1103,0.827,885.4639999999987,0
1104,0.813,886.2909999999987,0
1105,0.753,887.1039999999987,0
1106,0.71,887.8569999999987,0
1107,0.725,888.5669999999988,0
1108,0.742,889.2919999999988,0
1109,0.78,890.0339999999987,0
1110,0.764,890.8139999999987,0
1111,0.777,891.5779999999987,0
1112,0.78,892.3549999999988,0
1113,0.774,893.1349999999987,0
1114,0.722,893.9089999999987,0
1115,0.726,894.6309999999987,0
1116,0.719,895.3569999999987,0
1117,0.722,896.0759999999988,0
1118,0.7,896.7979999999988,0
1119,0.67,897.4979999999988,0
1120,0.681,898.1679999999988,0
1121,0.711,898.8489999999988,0
1122,0.721,899.5599999999988,0
1123,0.691,900.2809999999988,0
1124,0.7,900.9719999999988,0
1125,0.717,901.6719999999989,0
1126,0.708,902.3889999999989,0
1127,0.682,903.0969999999988,0
1128,0.696,903.7789999999989,0
1129,0.713,904.4749999999989,0
1130,0.728,905.1879999999989,0
1131,0.741,905.9159999999988,0
1132,0.695,906.6569999999988,0
1133,0.714,907.3519999999988,4
1134,0.715,908.0659999999989,4
1135,0.723,908.7809999999989,4
1136,0.698,909.5039999999989,4
1137,0.719,910.2019999999989,4
1138,0.737,910.9209999999989,4
1139,0.754,911.6579999999989,4
1140,0.727,912.4119999999989,4
1141,0.718,913.1389999999989,4
1142,0.748,913.8569999999988,4
1143,0.764,914.6049999999989,4
1144,0.725,915.3689999999989,4
1145,0.649,916.0939999999989,4
1146,0.629,916.7429999999989,4
1147,0.615,917.3719999999989,4
1148,0.606,917.986999999999,4
1149,0.643,918.5929999999989,4
1150,0.649,919.235999999999,4
1151,0.69,919.884999999999,4
1152,0.71,920.574999999999,4
1153,0.734,921.2849999999991,4
1154,0.718,922.0189999999991,0
1155,0.729,922.7369999999991,0
1156,0.701,923.4659999999991,0
1157,0.658,924.1669999999991,0
1158,0.639,924.8249999999991,0
1159,0.635,925.4639999999991,0
1160,0.647,926.0989999999991,0
1161,0.663,926.7459999999992,0
1162,0.665,927.4089999999992,0
1163,0.639,928.0739999999992,0
1164,0.639,928.7129999999992,0
1165,0.653,929.3519999999992,0
1166,0.673,930.0049999999992,0
1167,0.701,930.6779999999992,0
1168,0.716,931.3789999999992,0
1169,0.748,932.0949999999992,0
1170,0.777,932.8429999999993,0
1171,0.817,933.6199999999993,0
1172,0.838,934.4369999999993,0
1173,0.818,935.2749999999993,0
1174,0.767,936.0929999999993,0
1175,0.743,936.8599999999993,0
1176,0.746,937.6029999999994,0
1177,0.749,938.3489999999994,0
1178,0.752,939.0979999999994,0
1179,0.705,939.8499999999993,0
1180,0.731,940.5549999999994,0
1181,0.762,941.2859999999994,0
1182,0.815,942.0479999999993,0
1183,0.812,942.8629999999994,0
1184,0.772,943.6749999999994,0
1185,0.821,944.4469999999994,0
1186,0.848,945.2679999999995,0
1187,0.852,946.1159999999994,0
1188,0.772,946.9679999999994,0
1189,0.788,947.7399999999994,0
1190,0.825,948.5279999999995,0
1191,0.878,949.3529999999995,0
1192,0.805,950.2309999999995,0
1193,0.783,951.0359999999995,0
1194,0.802,951.8189999999995,0
1195,0.825,952.6209999999995,0
1196,0.817,953.4459999999996,0
1197,0.841,954.2629999999996,0
1198,0.83,955.1039999999996,0
1199,0.837,955.9339999999996,0
1200,0.774,956.7709999999996,0
1201,0.823,957.5449999999996,0
1202,0.856,958.3679999999996,0
1203,0.881,959.2239999999996,0
1204,0.893,960.1049999999996,0
1205,0.895,960.9979999999996,0
1206,0.862,961.8929999999996,0
1207,0.857,962.7549999999995,0
1208,0.856,963.6119999999995,0
1209,0.851,964.4679999999995,0
1210,0.857,965.3189999999995,0
1211,0.87,966.1759999999995,0
1212,0.868,967.0459999999995,0
1213,0.834,967.9139999999995,0
1214,0.859,968.7479999999995,0
1215,0.897,969.6069999999995,0
1216,0.888,970.5039999999996,0
1217,0.846,971.3919999999996,0
1218,0.845,972.2379999999996,0
1219,0.846,973.0829999999996,0
1220,0.827,973.9289999999996,0
1221,0.769,974.7559999999996,0
1222,0.782,975.5249999999996,0
1223,0.779,976.3069999999997,0
1224,0.829,977.0859999999997,0
1225,0.816,977.9149999999996,0
1226,0.846,978.7309999999997,0
1227,0.857,979.5769999999997,0
1228,0.846,980.4339999999996,0
1229,0.781,981.2799999999996,0
1230,0.769,982.0609999999996,0
1231,0.789,982.8299999999996,0
1232,0.749,983.6189999999996,0
1233,0.779,984.3679999999996,0
1234,0.803,985.1469999999996,0
1235,0.826,985.9499999999996,0
1236,0.801,986.7759999999996,0
1237,0.842,987.5769999999997,0
1238,0.836,988.4189999999996,0
1239,0.785,989.2549999999997,0
1240,0.791,990.0399999999996,0
1241,0.792,990.8309999999997,0
1242,0.76,991.6229999999997,0
1243,0.696,992.3829999999997,0
1244,0.73,993.0789999999997,0
1245,0.732,993.8089999999997,0
1246,0.751,994.5409999999997,0
1247,0.722,995.2919999999997,0
1248,0.747,996.0139999999997,0
1249,0.756,996.7609999999996,0
1250,0.738,997.5169999999996,0
1251,0.743,998.2549999999997,0
1252,0.775,998.9979999999997,0
1253,0.797,999.7729999999997,0
1254,0.751,1000.5699999999997,0
1255,0.751,1001.3209999999997,0
1256,0.758,1002.0719999999997,0
1257,0.757,1002.8299999999997,0
1258,0.722,1003.5869999999996,0
1259,0.666,1004.3089999999996,0
1260,0.689,1004.9749999999997,0
1261,0.662,1005.6639999999996,0
1262,0.644,1006.3259999999997,0
1263,0.648,1006.9699999999997,0
1264,0.672,1007.6179999999997,0
1265,0.691,1008.2899999999997,0
1266,0.686,1008.9809999999998,0
1267,0.68,1009.6669999999998,0
1268,0.7,1010.3469999999998,0
1269,0.747,1011.0469999999998,0
1270,0.79,1011.7939999999998,0
1271,0.825,1012.5839999999997,0
1272,0.833,1013.4089999999998,0
1273,0.788,1014.2419999999997,0
1274,0.781,1015.0299999999997,0
1275,0.758,1015.8109999999997,0
1276,0.757,1016.5689999999997,0
1277,0.772,1017.3259999999997,0
1278,0.809,1018.0979999999997,0
1279,0.842,1018.9069999999997,0
1280,0.82,1019.7489999999997,0
1281,0.773,1020.5689999999997,0
1282,0.779,1021.3419999999998,0
1283,0.813,1022.1209999999998,0
1284,0.816,1022.9339999999997,3
1285,0.761,1023.7499999999998,3
1286,0.797,1024.5109999999997,3
1287,0.819,1025.3079999999998,3
1288,0.814,1026.1269999999997,3
1289,0.76,1026.9409999999998,3
1290,0.746,1027.7009999999998,3
1291,0.747,1028.447,3
1292,0.752,1029.194,3
1293,0.759,1029.946,3
1294,0.757,1030.705,3
1295,0.834,1031.462,3
1296,0.852,1032.296,3
1297,0.832,1033.1480000000001,3
1298,0.763,1033.9800000000002,3
1299,0.802,1034.7430000000002,3
1300,0.815,1035.545,3
1301,0.813,1036.3600000000001,3
1302,0.751,1037.1730000000002,3
1303,0.769,1037.9240000000002,3
1304,0.753,1038.6930000000002,3
1305,0.734,1039.4460000000001,3
1306,0.784,1040.18,3
1307,0.769,1040.9640000000002,3
1308,0.773,1041.7330000000002,3
1309,0.735,1042.506,3
1310,0.756,1043.241,3
1311,0.793,1043.997,3
1312,0.811,1044.79,3
1313,0.765,1045.6009999999999,3
1314,0.843,1046.366,3
1315,0.853,1047.209,0
1316,0.803,1048.0620000000001,0
1317,0.811,1048.8650000000002,0
1318,0.807,1049.6760000000002,0
1319,0.767,1050.4830000000002,0
1320,0.779,1051.2500000000002,0
1321,0.781,1052.0290000000002,0
1322,0.775,1052.8100000000002,0
1323,0.74,1053.5850000000003,0
1324,0.758,1054.3250000000003,0
1325,0.767,1055.0830000000003,0
1326,0.772,1055.8500000000004,0
1327,0.79,1056.6220000000003,0
1328,0.805,1057.4120000000003,0
1329,0.785,1058.2170000000003,0
1330,0.77,1059.0020000000004,0
1331,0.742,1059.7720000000004,0
1332,0.738,1060.5140000000004,0
1333,0.744,1061.2520000000004,0
1334,0.758,1061.9960000000003,0
1335,0.742,1062.7540000000004,0
1336,0.714,1063.4960000000003,0
1337,0.722,1064.2100000000003,0
1338,0.744,1064.9320000000002,0
1339,0.794,1065.6760000000002,0
1340,0.827,1066.4700000000003,0
1341,0.806,1067.2970000000003,0
1342,0.795,1068.1030000000003,0
1343,0.8,1068.8980000000004,0
1344,0.814,1069.6980000000003,0
1345,0.773,1070.5120000000004,0
1346,0.735,1071.2850000000003,0
1347,0.714,1072.0200000000002,0
1348,0.689,1072.7340000000002,0
1349,0.656,1073.4230000000002,0
1350,0.642,1074.0790000000002,0
1351,0.624,1074.7210000000002,0
1352,0.645,1075.3450000000003,0
1353,0.68,1075.9900000000002,0
1354,0.777,1076.6700000000003,0
1355,0.827,1077.4470000000003,0
1356,0.839,1078.2740000000003,0
1357,0.819,1079.1130000000003,0
1358,0.796,1079.9320000000002,0
1359,0.78,1080.7280000000003,0
1360,0.779,1081.5080000000003,0
1361,0.785,1082.2870000000003,0
1362,0.772,1083.0720000000003,0
1363,0.839,1083.8440000000003,0
1364,0.87,1084.6830000000002,0
1365,0.814,1085.553,0
1366,0.744,1086.3670000000002,0
1367,0.759,1087.111,0
1368,0.761,1087.8700000000001,0
1369,0.753,1088.631,0
1370,0.703,1089.384,0
1371,0.677,1090.087,0
1372,0.682,1090.764,0
1373,0.703,1091.446,0
1374,0.705,1092.149,0
1375,0.676,1092.8539999999998,0
1376,0.681,1093.5299999999997,0
1377,0.686,1094.2109999999998,0
1378,0.721,1094.8969999999997,0
1379,0.757,1095.6179999999997,0
1380,0.771,1096.3749999999998,0
1381,0.773,1097.1459999999997,0
1382,0.764,1097.9189999999996,0
1383,0.769,1098.6829999999995,0
1384,0.791,1099.4519999999995,0
1385,0.78,1100.2429999999995,0
1386,0.712,1101.0229999999995,0
1387,0.656,1101.7349999999994,0
1388,0.636,1102.3909999999994,0
1389,0.65,1103.0269999999994,0
1390,0.687,1103.6769999999995,0
1391,0.77,1104.3639999999994,0
1392,0.833,1105.1339999999993,0
1393,0.871,1105.9669999999994,0
1394,0.878,1106.8379999999995,0
1395,0.882,1107.7159999999994,0
1396,0.858,1108.5979999999995,0
1397,0.847,1109.4559999999994,0
1398,0.846,1110.3029999999994,0
1399,0.857,1111.1489999999994,0
1400,0.821,1112.0059999999994,0
1401,0.81,1112.8269999999993,0
1402,0.813,1113.6369999999993,0
1403,0.827,1114.4499999999994,0
1404,0.835,1115.2769999999994,0
1405,0.821,1116.1119999999994,0
1406,0.811,1116.9329999999993,0
1407,0.817,1117.7439999999992,0
1408,0.815,1118.5609999999992,0
1409,0.843,1119.3759999999993,0
1410,0.887,1120.2189999999994,0
1411,0.894,1121.1059999999993,0
1412,0.896,1121.9999999999993,0
1413,0.913,1122.8959999999993,0
1414,0.885,1123.8089999999993,0
1415,0.87,1124.6939999999993,0
1416,0.873,1125.5639999999992,0
1417,0.864,1126.4369999999992,0
1418,0.83,1127.3009999999992,0
1419,0.795,1128.1309999999992,0
1420,0.801,1128.9259999999992,0
1421,0.836,1129.7269999999992,0
1422,0.824,1130.5629999999992,0
1423,0.726,1131.3869999999993,0
1424,0.722,1132.1129999999994,0
1425,0.749,1132.8349999999994,0
1426,0.821,1133.5839999999994,0
1427,0.853,1134.4049999999993,0
1428,0.814,1135.2579999999994,0
1429,0.84,1136.0719999999994,0
1430,0.86,1136.9119999999994,0
1431,0.847,1137.7719999999993,0
1432,0.765,1138.6189999999992,0
1433,0.785,1139.3839999999993,0
1434,0.784,1140.1689999999994,0
1435,0.783,1140.9529999999995,0
1436,0.77,1141.7359999999994,0
1437,0.759,1142.5059999999994,0
1438,0.767,1143.2649999999994,0
1439,0.789,1144.0319999999995,0
1440,0.809,1144.8209999999995,0
1441,0.813,1145.6299999999994,0
1442,0.845,1146.4429999999995,0
1443,0.872,1147.2879999999996,0
1444,0.858,1148.1599999999996,0
1445,0.812,1149.0179999999996,0
1446,0.815,1149.8299999999995,0
1447,0.816,1150.6449999999995,0
1448,0.846,1151.4609999999996,0
1449,0.829,1152.3069999999996,0
1450,0.854,1153.1359999999995,0
1451,0.86,1153.9899999999996,0
1452,0.804,1154.8499999999995,0
1453,0.779,1155.6539999999995,0
1454,0.767,1156.4329999999995,0
1455,0.792,1157.1999999999996,0
1456,0.799,1157.9919999999995,0
1457,0.769,1158.7909999999995,0
1458,0.808,1159.5599999999995,0
1459,0.8,1160.3679999999995,0
1460,0.792,1161.1679999999994,0
1461,0.755,1161.9599999999994,0
1462,0.711,1162.7149999999995,0
1463,0.74,1163.4259999999995,0
1464,0.763,1164.1659999999995,0
1465,0.795,1164.9289999999994,0
1466,0.792,1165.7239999999995,0
1467,0.703,1166.5159999999994,0
1468,0.7,1167.2189999999994,0
1469,0.674,1167.9189999999994,0
1470,0.664,1168.5929999999994,0
1471,0.69,1169.2569999999994,0
1472,0.743,1169.9469999999994,6
1473,0.774,1170.6899999999994,6
1474,0.765,1171.4639999999993,6
1475,0.779,1172.2289999999994,6
1476,0.78,1173.0079999999994,6
1477,0.787,1173.7879999999993,6
1478,0.799,1174.5749999999994,6
1479,0.817,1175.3739999999993,6
1480,0.857,1176.1909999999993,6
1481,0.893,1177.0479999999993,6
1482,0.892,1177.9409999999993,6
1483,0.877,1178.8329999999994,6
1484,0.894,1179.7099999999994,6
1485,0.885,1180.6039999999994,6
1486,0.824,1181.4889999999994,6
1487,0.811,1182.3129999999994,6
1488,0.801,1183.1239999999993,6
1489,0.81,1183.9249999999993,6
1490,0.769,1184.7349999999992,6
1491,0.818,1185.5039999999992,6
1492,0.836,1186.3219999999992,6
1493,0.856,1187.1579999999992,6
1494,0.779,1188.0139999999992,6
1495,0.806,1188.7929999999992,6
1496,0.806,1189.5989999999993,6
1497,0.83,1190.4049999999993,6
1498,0.755,1191.2349999999992,6
1499,0.797,1191.9899999999993,6
1500,0.83,1192.7869999999994,6
1501,0.875,1193.6169999999993,6
1502,0.825,1194.4919999999993,6
1503,0.832,1195.3169999999993,6
1504,0.836,1196.1489999999994,6
1505,0.823,1196.9849999999994,6
1506,0.787,1197.8079999999995,6
1507,0.85,1198.5949999999996,6
1508,0.878,1199.4449999999995,6
1509,0.871,1200.3229999999994,6
1510,0.788,1201.1939999999995,6
1511,0.803,1201.9819999999995,6
1512,0.834,1202.7849999999996,6
1513,0.861,1203.6189999999997,6
1514,0.775,1204.4799999999998,0
1515,0.745,1205.2549999999999,0
1516,0.734,1205.9999999999998,0
1517,0.769,1206.7339999999997,0
1518,0.823,1207.5029999999997,0
1519,0.778,1208.3259999999998,0
1520,0.825,1209.1039999999998,0
1521,0.83,1209.9289999999999,0
1522,0.858,1210.7589999999998,0
1523,0.781,1211.6169999999997,0
1524,0.758,1212.3979999999997,0
1525,0.734,1213.1559999999997,0
1526,0.725,1213.8899999999996,0
1527,0.711,1214.6149999999996,0
1528,0.716,1215.3259999999996,0
1529,0.693,1216.0419999999995,0
1530,0.662,1216.7349999999994,0
1531,0.67,1217.3969999999995,0
1532,0.654,1218.0669999999996,0
1533,0.666,1218.7209999999995,0
1534,0.714,1219.3869999999995,0
1535,0.72,1220.1009999999994,0
1536,0.727,1220.8209999999995,0
1537,0.688,1221.5479999999995,0
1538,0.697,1222.2359999999996,0
1539,0.707,1222.9329999999995,0
1540,0.735,1223.6399999999996,0
1541,0.77,1224.3749999999995,0
1542,0.752,1225.1449999999995,0
1543,0.732,1225.8969999999995,0
1544,0.731,1226.6289999999995,0
1545,0.745,1227.3599999999994,0
1546,0.769,1228.1049999999993,0
1547,0.787,1228.8739999999993,0
1548,0.816,1229.6609999999994,0
1549,0.81,1230.4769999999994,0
1550,0.748,1231.2869999999994,0
1551,0.703,1232.0349999999994,0
1552,0.715,1232.7379999999994,0
1553,0.76,1233.4529999999993,0
1554,0.809,1234.2129999999993,0
1555,0.863,1235.0219999999993,0
1556,0.856,1235.8849999999993,0
1557,0.854,1236.7409999999993,0
1558,0.873,1237.5949999999993,0
1559,0.908,1238.4679999999994,0
1560,0.91,1239.3759999999993,0
1561,0.909,1240.2859999999994,0
1562,0.895,1241.1949999999995,0
1563,0.873,1242.0899999999995,0
1564,0.857,1242.9629999999995,0
1565,0.823,1243.8199999999995,0
1566,0.778,1244.6429999999996,0
1567,0.809,1245.4209999999996,0
1568,0.852,1246.2299999999996,0
1569,0.878,1247.0819999999997,0
1570,0.866,1247.9599999999996,0
1571,0.845,1248.8259999999996,0
1572,0.786,1249.6709999999996,0
1573,0.775,1250.4569999999997,0
1574,0.82,1251.2319999999997,0
1575,0.872,1252.0519999999997,0
1576,0.894,1252.9239999999998,0
1577,0.82,1253.8179999999998,0
1578,0.825,1254.6379999999997,0
1579,0.82,1255.4629999999997,0
1580,0.852,1256.2829999999997,0
1581,0.871,1257.1349999999998,0
1582,0.875,1258.0059999999999,0
1583,0.899,1258.8809999999999,0
1584,0.924,1259.7799999999997,0
1585,0.929,1260.7039999999997,0
1586,0.93,1261.6329999999998,0
1587,0.889,1262.5629999999999,0
1588,0.885,1263.4519999999998,0
1589,0.88,1264.3369999999998,0
1590,0.896,1265.2169999999999,0
1591,0.887,1266.1129999999998,0
1592,0.875,1266.9999999999998,0
1593,0.883,1267.8749999999998,0
1594,0.859,1268.7579999999998,0
1595,0.761,1269.6169999999997,0
1596,0.727,1270.3779999999997,0
1597,0.72,1271.1049999999998,0
1598,0.731,1271.8249999999998,0
1599,0.726,1272.5559999999998,0
1600,0.733,1273.282,0
1601,0.68,1274.0149999999999,0
1602,0.686,1274.695,0
1603,0.669,1275.3809999999999,0
1604,0.675,1276.05,0
1605,0.718,1276.725,0
1606,0.75,1277.443,0
1607,0.763,1278.193,0
1608,0.764,1278.956,0
1609,0.718,1279.7199999999998,0
1610,0.683,1280.4379999999999,0
1611,0.66,1281.1209999999999,0
1612,0.659,1281.781,0
1613,0.66,1282.44,0
1614,0.693,1283.1000000000001,0
1615,0.752,1283.7930000000001,0
1616,0.78,1284.545,0
1617,0.801,1285.325,0
1618,0.798,1286.126,0
1619,0.795,1286.924,0
1620,0.812,1287.719,0
1621,0.813,1288.531,0
1622,0.822,1289.344,0
1623,0.812,1290.166,0
1624,0.801,1290.9779999999998,0
1625,0.784,1291.7789999999998,0
1626,0.768,1292.5629999999999,0
1627,0.74,1293.331,0
1628,0.778,1294.071,0
1629,0.792,1294.849,0
1630,0.733,1295.6409999999998,0
1631,0.695,1296.3739999999998,0
1632,0.714,1297.0689999999997,0
1633,0.772,1297.7829999999997,0
1634,0.828,1298.5549999999996,0
1635,0.857,1299.3829999999996,0
1636,0.811,1300.2399999999996,0
1637,0.831,1301.0509999999995,0
1638,0.86,1301.8819999999994,0
1639,0.89,1302.7419999999993,0
1640,0.881,1303.6319999999994,0
1641,0.839,1304.5129999999995,0
1642,0.849,1305.3519999999994,0
1643,0.841,1306.2009999999993,0
1644,0.892,1307.0419999999992,0
1645,0.885,1307.9339999999993,0
1646,0.83,1308.8189999999993,0
1647,0.848,1309.6489999999992,0
1648,0.873,1310.4969999999992,0
1649,0.916,1311.3699999999992,0
1650,0.848,1312.2859999999991,0
1651,0.918,1313.133999999999,0
1652,0.956,1314.051999999999,0
1653,0.945,1315.007999999999,0
1654,0.877,1315.9529999999988,0
1655,0.884,1316.8299999999988,0
1656,0.892,1317.7139999999988,0
1657,0.895,1318.6059999999989,0
1658,0.83,1319.5009999999988,0
1659,0.869,1320.3309999999988,0
1660,0.897,1321.1999999999987,0
1661,0.926,1322.0969999999986,0
1662,0.883,1323.0229999999985,0
1663,0.873,1323.9059999999986,0
1664,0.891,1324.7789999999986,0
1665,0.905,1325.6699999999987,0
1666,0.884,1326.5749999999987,0
1667,0.876,1327.4589999999987,0
1668,0.881,1328.3349999999987,0
1669,0.863,1329.2159999999988,0
1670,0.813,1330.0789999999988,0
1671,0.822,1330.891999999999,0
1672,0.876,1331.7139999999988,0
1673,0.892,1332.5899999999988,0
1674,0.842,1333.4819999999988,0
1675,0.874,1334.323999999999,0
1676,0.843,1335.197999999999,0
1677,0.781,1336.040999999999,0
1678,0.731,1336.821999999999,0
1679,0.742,1337.552999999999,0
1680,0.78,1338.294999999999,0
1681,0.786,1339.074999999999,0
1682,0.738,1339.860999999999,0
1683,0.793,1340.598999999999,0
1684,0.81,1341.391999999999,0
1685,0.796,1342.2019999999989,0
1686,0.751,1342.997999999999,0
1687,0.796,1343.748999999999,0
1688,0.789,1344.544999999999,0
1689,0.75,1345.333999999999,0
1690,0.768,1346.083999999999,0
1691,0.768,1346.851999999999,0
1692,0.773,1347.619999999999,0
1693,0.757,1348.392999999999,0
1694,0.763,1349.149999999999,0
1695,0.772,1349.9129999999989,0
1696,0.773,1350.6849999999988,0
1697,0.727,1351.4579999999987,0
1698,0.728,1352.1849999999988,0
1699,0.719,1352.9129999999989,0
1700,0.729,1353.631999999999,0
1701,0.724,1354.360999999999,0
1702,0.716,1355.084999999999,0
1703,0.728,1355.8009999999988,0
1704,0.725,1356.5289999999989,0
1705,0.728,1357.2539999999988,0
1706,0.714,1357.9819999999988,0
1707,0.742,1358.6959999999988,0
1708,0.737,1359.4379999999987,0
1709,0.737,1360.1749999999988,0
1710,0.717,1360.911999999999,0
1711,0.684,1361.628999999999,0
1712,0.705,1362.312999999999,0
1713,0.718,1363.017999999999,0
1714,0.717,1363.735999999999,0
1715,0.709,1364.452999999999,0
1716,0.748,1365.1619999999991,0
1717,0.783,1365.9099999999992,0
1718,0.759,1366.692999999999,0
1719,0.737,1367.451999999999,0
1720,0.744,1368.1889999999992,0
1721,0.744,1368.932999999999,0
1722,0.703,1369.676999999999,0
1723,0.771,1370.379999999999,0
1724,0.813,1371.150999999999,0
1725,0.777,1371.963999999999,0
1726,0.789,1372.740999999999,0
1727,0.812,1373.529999999999,0
1728,0.819,1374.341999999999,0
1729,0.769,1375.160999999999,0
1730,0.78,1375.929999999999,0
1731,0.806,1376.709999999999,5
1732,0.811,1377.515999999999,5
1733,0.739,1378.3269999999989,5
1734,0.791,1379.065999999999,5
1735,0.813,1379.8569999999988,5
1736,0.752,1380.669999999999,5
1737,0.803,1381.421999999999,5
1738,0.811,1382.224999999999,5
1739,0.769,1383.035999999999,5
1740,0.765,1383.804999999999,5
1741,0.766,1384.569999999999,5
1742,0.762,1385.335999999999,5
1743,0.716,1386.097999999999,5
1744,0.706,1386.813999999999,5
1745,0.729,1387.5199999999988,5
1746,0.727,1388.248999999999,5
1747,0.711,1388.975999999999,5
1748,0.672,1389.686999999999,5
1749,0.679,1390.358999999999,5
